<?xml version="1.0" encoding="utf-8"?>
<!-- DS4Windows Configuration Data. 22/03/2024 17:11:28 -->
<!-- Made with DS4Windows version 3.3.3 -->

<DS4Windows app_version="3.3.3" config_version="5">
  <touchToggle>True</touchToggle>
  <idleDisconnectTimeout>0</idleDisconnectTimeout>
  <outputDataToDS4>True</outputDataToDS4>
  <Color>255,255,255</Color>
  <RumbleBoost>100</RumbleBoost>
  <RumbleAutostopTime>0</RumbleAutostopTime>
  <LightbarMode>DS4Win</LightbarMode>
  <ledAsBatteryIndicator>False</ledAsBatteryIndicator>
  <FlashType>0</FlashType>
  <flashBatteryAt>0</flashBatteryAt>
  <touchSensitivity>100</touchSensitivity>
  <LowColor>0,0,0</LowColor>
  <ChargingColor>0,0,0</ChargingColor>
  <FlashColor>0,0,0</FlashColor>
  <touchpadJitterCompensation>True</touchpadJitterCompensation>
  <lowerRCOn>False</lowerRCOn>
  <tapSensitivity>0</tapSensitivity>
  <doubleTap>False</doubleTap>
  <scrollSensitivity>0</scrollSensitivity>
  <LeftTriggerMiddle>0</LeftTriggerMiddle>
  <RightTriggerMiddle>0</RightTriggerMiddle>
  <TouchpadInvert>0</TouchpadInvert>
  <TouchpadClickPassthru>False</TouchpadClickPassthru>
  <L2AntiDeadZone>0</L2AntiDeadZone>
  <R2AntiDeadZone>0</R2AntiDeadZone>
  <L2MaxZone>0</L2MaxZone>
  <R2MaxZone>0</R2MaxZone>
  <L2MaxOutput>0</L2MaxOutput>
  <R2MaxOutput>0</R2MaxOutput>
  <ButtonMouseSensitivity>25</ButtonMouseSensitivity>
  <ButtonMouseOffset>0.008</ButtonMouseOffset>
  <Rainbow>0</Rainbow>
  <MaxSatRainbow>100</MaxSatRainbow>
  <LSDeadZone>0</LSDeadZone>
  <RSDeadZone>0</RSDeadZone>
  <LSAntiDeadZone>0</LSAntiDeadZone>
  <RSAntiDeadZone>0</RSAntiDeadZone>
  <LSMaxZone>100</LSMaxZone>
  <RSMaxZone>0</RSMaxZone>
  <LSVerticalScale>100</LSVerticalScale>
  <RSVerticalScale>0</RSVerticalScale>
  <LSMaxOutput>100</LSMaxOutput>
  <RSMaxOutput>0</RSMaxOutput>
  <LSMaxOutputForce>False</LSMaxOutputForce>
  <RSMaxOutputForce>False</RSMaxOutputForce>
  <LSDeadZoneType>Axial</LSDeadZoneType>
  <RSDeadZoneType>Axial</RSDeadZoneType>
  <LSAxialDeadOptions>
    <DeadZoneX>0</DeadZoneX>
    <DeadZoneY>0</DeadZoneY>
    <MaxZoneX>0</MaxZoneX>
    <MaxZoneY>0</MaxZoneY>
    <AntiDeadZoneX>0</AntiDeadZoneX>
    <AntiDeadZoneY>0</AntiDeadZoneY>
    <MaxOutputX>0</MaxOutputX>
    <MaxOutputY>0</MaxOutputY>
  </LSAxialDeadOptions>
  <RSAxialDeadOptions>
    <DeadZoneX>0</DeadZoneX>
    <DeadZoneY>0</DeadZoneY>
    <MaxZoneX>0</MaxZoneX>
    <MaxZoneY>0</MaxZoneY>
    <AntiDeadZoneX>0</AntiDeadZoneX>
    <AntiDeadZoneY>0</AntiDeadZoneY>
    <MaxOutputX>0</MaxOutputX>
    <MaxOutputY>0</MaxOutputY>
  </RSAxialDeadOptions>
  <LSRotation>0</LSRotation>
  <RSRotation>0</RSRotation>
  <LSFuzz>0</LSFuzz>
  <RSFuzz>0</RSFuzz>
  <LSOuterBindDead>0</LSOuterBindDead>
  <RSOuterBindDead>0</RSOuterBindDead>
  <LSOuterBindInvert>False</LSOuterBindInvert>
  <RSOuterBindInvert>False</RSOuterBindInvert>
  <LSDeltaAccelSettings>
    <Enabled>False</Enabled>
    <Multiplier>4.5000000000000195</Multiplier>
    <MaxTravel>1</MaxTravel>
    <MinTravel>1</MinTravel>
    <EasingDuration>0</EasingDuration>
    <MinFactor>1</MinFactor>
  </LSDeltaAccelSettings>
  <RSDeltaAccelSettings>
    <Enabled>True</Enabled>
    <Multiplier>0</Multiplier>
    <MaxTravel>0</MaxTravel>
    <MinTravel>1</MinTravel>
    <EasingDuration>0</EasingDuration>
    <MinFactor>1</MinFactor>
  </RSDeltaAccelSettings>
  <SXDeadZone>1</SXDeadZone>
  <SZDeadZone>1</SZDeadZone>
  <SXMaxZone>100</SXMaxZone>
  <SZMaxZone>0</SZMaxZone>
  <SXAntiDeadZone>0</SXAntiDeadZone>
  <SZAntiDeadZone>0</SZAntiDeadZone>
  <Sensitivity>5|0,1|0,9999999999999999|0,9999999999999999|0|0</Sensitivity>
  <ChargingType>0</ChargingType>
  <MouseAcceleration>False</MouseAcceleration>
  <ButtonMouseVerticalScale>100</ButtonMouseVerticalScale>
  <LaunchProgram />
  <DinputOnly>False</DinputOnly>
  <StartTouchpadOff>False</StartTouchpadOff>
  <TouchpadOutputMode>Passthru</TouchpadOutputMode>
  <SATriggers>-1</SATriggers>
  <SATriggerCond>and</SATriggerCond>
  <SASteeringWheelEmulationAxis>None</SASteeringWheelEmulationAxis>
  <SASteeringWheelEmulationRange>360</SASteeringWheelEmulationRange>
  <SASteeringWheelFuzz>0</SASteeringWheelFuzz>
  <SASteeringWheelSmoothingOptions>
    <SASteeringWheelUseSmoothing>False</SASteeringWheelUseSmoothing>
    <SASteeringWheelSmoothMinCutoff>0.1</SASteeringWheelSmoothMinCutoff>
    <SASteeringWheelSmoothBeta>0.1</SASteeringWheelSmoothBeta>
  </SASteeringWheelSmoothingOptions>
  <TouchDisInvTriggers>-1</TouchDisInvTriggers>
  <GyroSensitivity>100</GyroSensitivity>
  <GyroSensVerticalScale>100</GyroSensVerticalScale>
  <GyroInvert>0</GyroInvert>
  <GyroTriggerTurns>True</GyroTriggerTurns>
  <GyroControlsSettings>
    <Triggers>-1</Triggers>
    <TriggerCond>and</TriggerCond>
    <TriggerTurns>True</TriggerTurns>
    <Toggle>True</Toggle>
  </GyroControlsSettings>
  <GyroMouseSmoothingSettings>
    <UseSmoothing>False</UseSmoothing>
    <SmoothingMethod>none</SmoothingMethod>
    <SmoothingWeight>50</SmoothingWeight>
    <SmoothingMinCutoff>1</SmoothingMinCutoff>
    <SmoothingBeta>0.7</SmoothingBeta>
  </GyroMouseSmoothingSettings>
  <GyroMouseHAxis>0</GyroMouseHAxis>
  <GyroMouseDeadZone>10</GyroMouseDeadZone>
  <GyroMouseMinThreshold>1</GyroMouseMinThreshold>
  <GyroMouseToggle>False</GyroMouseToggle>
  <GyroMouseJitterCompensation>True</GyroMouseJitterCompensation>
  <GyroOutputMode>Passthru</GyroOutputMode>
  <GyroMouseStickTriggers>-1</GyroMouseStickTriggers>
  <GyroMouseStickTriggerCond>and</GyroMouseStickTriggerCond>
  <GyroMouseStickTriggerTurns>True</GyroMouseStickTriggerTurns>
  <GyroMouseStickHAxis>1</GyroMouseStickHAxis>
  <GyroMouseStickDeadZone>10</GyroMouseStickDeadZone>
  <GyroMouseStickMaxZone>10</GyroMouseStickMaxZone>
  <GyroMouseStickOutputStick>LeftStick</GyroMouseStickOutputStick>
  <GyroMouseStickOutputStickAxes>X</GyroMouseStickOutputStickAxes>
  <GyroMouseStickAntiDeadX>0</GyroMouseStickAntiDeadX>
  <GyroMouseStickAntiDeadY>0</GyroMouseStickAntiDeadY>
  <GyroMouseStickInvert>3</GyroMouseStickInvert>
  <GyroMouseStickToggle>False</GyroMouseStickToggle>
  <GyroMouseStickMaxOutput>100</GyroMouseStickMaxOutput>
  <GyroMouseStickMaxOutputEnabled>True</GyroMouseStickMaxOutputEnabled>
  <GyroMouseStickVerticalScale>200</GyroMouseStickVerticalScale>
  <GyroMouseStickJitterCompensation>False</GyroMouseStickJitterCompensation>
  <GyroMouseStickSmoothingSettings>
    <UseSmoothing>False</UseSmoothing>
    <SmoothingMethod>none</SmoothingMethod>
    <SmoothingWeight>50</SmoothingWeight>
    <SmoothingMinCutoff>0.4</SmoothingMinCutoff>
    <SmoothingBeta>0.7</SmoothingBeta>
  </GyroMouseStickSmoothingSettings>
  <GyroSwipeSettings>
    <DeadZoneX>55</DeadZoneX>
    <DeadZoneY>20</DeadZoneY>
    <Triggers>-1</Triggers>
    <TriggerCond>and</TriggerCond>
    <TriggerTurns>True</TriggerTurns>
    <XAxis>Yaw</XAxis>
    <DelayTime>0</DelayTime>
  </GyroSwipeSettings>
  <BTPollRate>1</BTPollRate>
  <LSOutputCurveMode>custom</LSOutputCurveMode>
  <LSOutputCurveCustom>0.00, 0.99, 0.50, 0.99</LSOutputCurveCustom>
  <RSOutputCurveMode>custom</RSOutputCurveMode>
  <RSOutputCurveCustom />
  <LSSquareStick>False</LSSquareStick>
  <RSSquareStick>False</RSSquareStick>
  <SquareStickRoundness>5</SquareStickRoundness>
  <SquareRStickRoundness>0</SquareRStickRoundness>
  <LSAntiSnapback>False</LSAntiSnapback>
  <RSAntiSnapback>False</RSAntiSnapback>
  <LSAntiSnapbackDelta>135</LSAntiSnapbackDelta>
  <RSAntiSnapbackDelta>256</RSAntiSnapbackDelta>
  <LSAntiSnapbackTimeout>50</LSAntiSnapbackTimeout>
  <RSAntiSnapbackTimeout>50</RSAntiSnapbackTimeout>
  <LSOutputMode>Controls</LSOutputMode>
  <RSOutputMode>Controls</RSOutputMode>
  <LSOutputSettings>
    <FlickStickSettings>
      <RealWorldCalibration>5.3</RealWorldCalibration>
      <FlickThreshold>0.9</FlickThreshold>
      <FlickTime>0.1</FlickTime>
      <MinAngleThreshold>0</MinAngleThreshold>
    </FlickStickSettings>
  </LSOutputSettings>
  <RSOutputSettings>
    <FlickStickSettings>
      <RealWorldCalibration>100</RealWorldCalibration>
      <FlickThreshold>0.8</FlickThreshold>
      <FlickTime>0.9099999999999999</FlickTime>
      <MinAngleThreshold>49</MinAngleThreshold>
    </FlickStickSettings>
  </RSOutputSettings>
  <DualSenseControllerSettings>
    <RumbleSettings>
      <EmulationMode>Accurate</EmulationMode>
      <EnableGenericRumbleRescale>False</EnableGenericRumbleRescale>
      <HapticPowerLevel>0</HapticPowerLevel>
    </RumbleSettings>
  </DualSenseControllerSettings>
  <L2OutputCurveMode>custom</L2OutputCurveMode>
  <L2OutputCurveCustom>0.00, 0.00, 0.00, 0.0000%</L2OutputCurveCustom>
  <L2TwoStageMode>Normal</L2TwoStageMode>
  <R2TwoStageMode>Normal</R2TwoStageMode>
  <L2HipFireTime>100</L2HipFireTime>
  <R2HipFireTime>100</R2HipFireTime>
  <L2TriggerEffect>None</L2TriggerEffect>
  <R2TriggerEffect>None</R2TriggerEffect>
  <R2OutputCurveMode>custom</R2OutputCurveMode>
  <R2OutputCurveCustom>0.00, 0.00, 0.00, 0.0000%</R2OutputCurveCustom>
  <SXOutputCurveMode>custom</SXOutputCurveMode>
  <SXOutputCurveCustom>0.00, 0.00, 0.00, 0.0000%</SXOutputCurveCustom>
  <SZOutputCurveMode>custom</SZOutputCurveMode>
  <SZOutputCurveCustom>0.00, 0.00, 0.00, 0.0000%</SZOutputCurveCustom>
  <TrackballMode>False</TrackballMode>
  <TrackballFriction>10</TrackballFriction>
  <TouchRelMouseRotation>0</TouchRelMouseRotation>
  <TouchRelMouseMinThreshold>1</TouchRelMouseMinThreshold>
  <TouchpadAbsMouseSettings>
    <MaxZoneX>90</MaxZoneX>
    <MaxZoneY>90</MaxZoneY>
    <SnapToCenter>False</SnapToCenter>
  </TouchpadAbsMouseSettings>
  <TouchpadMouseStick>
    <DeadZone>0</DeadZone>
    <MaxZone>8</MaxZone>
    <OutputStick>RightStick</OutputStick>
    <OutputStickAxes>XY</OutputStickAxes>
    <AntiDeadX>0.4</AntiDeadX>
    <AntiDeadY>0.4</AntiDeadY>
    <Invert>0</Invert>
    <MaxOutput>100</MaxOutput>
    <MaxOutputEnabled>False</MaxOutputEnabled>
    <VerticalScale>100</VerticalScale>
    <OutputCurve>Linear</OutputCurve>
    <Rotation>0</Rotation>
    <SmoothingSettings>
      <SmoothingMethod>None</SmoothingMethod>
      <SmoothingMinCutoff>0.8</SmoothingMinCutoff>
      <SmoothingBeta>0.7</SmoothingBeta>
    </SmoothingSettings>
  </TouchpadMouseStick>
  <TouchpadButtonMode>Click</TouchpadButtonMode>
  <AbsMouseRegionSettings>
    <AbsWidth>1</AbsWidth>
    <AbsHeight>1</AbsHeight>
    <AbsXCenter>0.5</AbsXCenter>
    <AbsYCenter>0.5</AbsYCenter>
    <AntiRadius>0</AntiRadius>
    <SnapToCenter>True</SnapToCenter>
  </AbsMouseRegionSettings>
  <OutputContDevice>DS4</OutputContDevice>
  <ProfileActions />
  <Control>
    <Button>
      <PS>Start</PS>
      <TouchLeft>Unbound</TouchLeft>
      <TouchUpper>Unbound</TouchUpper>
      <TouchMulti>Unbound</TouchMulti>
      <TouchRight>Unbound</TouchRight>
      <Share>Right Bumper</Share>
      <GyroXPos>Right X-Axis-</GyroXPos>
      <GyroXNeg>Right X-Axis+</GyroXNeg>
      <GyroZPos>Right Y-Axis+</GyroZPos>
      <GyroZNeg>Right Y-Axis-</GyroZNeg>
      <GyroSwipeLeft>Right X-Axis-</GyroSwipeLeft>
      <GyroSwipeRight>Right X-Axis+</GyroSwipeRight>
      <GyroSwipeUp>Right Y-Axis-</GyroSwipeUp>
      <GyroSwipeDown>Right Y-Axis+</GyroSwipeDown>
    </Button>
    <Macro>
      <Options>264/330/264/330/264/329/264</Options>
    </Macro>
    <KeyType>
      <TouchLeft>Unbound</TouchLeft>
      <TouchUpper>Unbound</TouchUpper>
      <TouchMulti>Unbound</TouchMulti>
      <TouchRight>Unbound</TouchRight>
      <Options>Macro</Options>
    </KeyType>
  </Control>
  <ShiftControl />
</DS4Windows>