<?xml version="1.0" encoding="utf-8"?>
<!-- DS4Windows Configuration Data. 26/11/2024 09:08:47 -->
<!-- Made with DS4Windows version 3.2.9 -->

<DS4Windows app_version="3.2.9" config_version="5">
  <touchToggle>False</touchToggle>
  <idleDisconnectTimeout>0</idleDisconnectTimeout>
  <outputDataToDS4>True</outputDataToDS4>
  <Color>255,1,0</Color>
  <RumbleBoost>100</RumbleBoost>
  <RumbleAutostopTime>0</RumbleAutostopTime>
  <LightbarMode>Passthru</LightbarMode>
  <ledAsBatteryIndicator>False</ledAsBatteryIndicator>
  <FlashType>0</FlashType>
  <flashBatteryAt>0</flashBatteryAt>
  <touchSensitivity>100</touchSensitivity>
  <LowColor>0,0,0</LowColor>
  <ChargingColor>0,0,0</ChargingColor>
  <FlashColor>0,0,0</FlashColor>
  <touchpadJitterCompensation>True</touchpadJitterCompensation>
  <lowerRCOn>False</lowerRCOn>
  <tapSensitivity>0</tapSensitivity>
  <doubleTap>False</doubleTap>
  <scrollSensitivity>0</scrollSensitivity>
  <LeftTriggerMiddle>0</LeftTriggerMiddle>
  <RightTriggerMiddle>0</RightTriggerMiddle>
  <TouchpadInvert>0</TouchpadInvert>
  <TouchpadClickPassthru>False</TouchpadClickPassthru>
  <L2AntiDeadZone>0</L2AntiDeadZone>
  <R2AntiDeadZone>0</R2AntiDeadZone>
  <L2MaxZone>100</L2MaxZone>
  <R2MaxZone>100</R2MaxZone>
  <L2MaxOutput>100</L2MaxOutput>
  <R2MaxOutput>100</R2MaxOutput>
  <ButtonMouseSensitivity>25</ButtonMouseSensitivity>
  <ButtonMouseOffset>0.008</ButtonMouseOffset>
  <Rainbow>0</Rainbow>
  <MaxSatRainbow>100</MaxSatRainbow>
  <LSDeadZone>8</LSDeadZone>
  <RSDeadZone>13</RSDeadZone>
  <LSAntiDeadZone>0</LSAntiDeadZone>
  <RSAntiDeadZone>0</RSAntiDeadZone>
  <LSMaxZone>50</LSMaxZone>
  <RSMaxZone>100</RSMaxZone>
  <LSVerticalScale>100</LSVerticalScale>
  <RSVerticalScale>100</RSVerticalScale>
  <LSMaxOutput>100</LSMaxOutput>
  <RSMaxOutput>100</RSMaxOutput>
  <LSMaxOutputForce>False</LSMaxOutputForce>
  <RSMaxOutputForce>False</RSMaxOutputForce>
  <LSDeadZoneType>Axial</LSDeadZoneType>
  <RSDeadZoneType>Radial</RSDeadZoneType>
  <LSAxialDeadOptions>
    <DeadZoneX>6</DeadZoneX>
    <DeadZoneY>6</DeadZoneY>
    <MaxZoneX>50</MaxZoneX>
    <MaxZoneY>50</MaxZoneY>
    <AntiDeadZoneX>0</AntiDeadZoneX>
    <AntiDeadZoneY>0</AntiDeadZoneY>
    <MaxOutputX>100</MaxOutputX>
    <MaxOutputY>100</MaxOutputY>
  </LSAxialDeadOptions>
  <RSAxialDeadOptions>
    <DeadZoneX>10</DeadZoneX>
    <DeadZoneY>10</DeadZoneY>
    <MaxZoneX>100</MaxZoneX>
    <MaxZoneY>100</MaxZoneY>
    <AntiDeadZoneX>20</AntiDeadZoneX>
    <AntiDeadZoneY>20</AntiDeadZoneY>
    <MaxOutputX>100</MaxOutputX>
    <MaxOutputY>100</MaxOutputY>
  </RSAxialDeadOptions>
  <LSRotation>0</LSRotation>
  <RSRotation>0</RSRotation>
  <LSFuzz>0</LSFuzz>
  <RSFuzz>0</RSFuzz>
  <LSOuterBindDead>75</LSOuterBindDead>
  <RSOuterBindDead>75</RSOuterBindDead>
  <LSOuterBindInvert>False</LSOuterBindInvert>
  <RSOuterBindInvert>False</RSOuterBindInvert>
  <LSDeltaAccelSettings>
    <Enabled>False</Enabled>
    <Multiplier>4</Multiplier>
    <MaxTravel>0.2</MaxTravel>
    <MinTravel>0.01</MinTravel>
    <EasingDuration>0.2</EasingDuration>
    <MinFactor>1</MinFactor>
  </LSDeltaAccelSettings>
  <RSDeltaAccelSettings>
    <Enabled>False</Enabled>
    <Multiplier>4</Multiplier>
    <MaxTravel>0.2</MaxTravel>
    <MinTravel>0.01</MinTravel>
    <EasingDuration>0.2</EasingDuration>
    <MinFactor>1</MinFactor>
  </RSDeltaAccelSettings>
  <SXDeadZone>0.25</SXDeadZone>
  <SZDeadZone>0.25</SZDeadZone>
  <SXMaxZone>100</SXMaxZone>
  <SZMaxZone>100</SZMaxZone>
  <SXAntiDeadZone>0</SXAntiDeadZone>
  <SZAntiDeadZone>0</SZAntiDeadZone>
  <Sensitivity>1,0000000000000009|1|1,0000000000000187|1,0000000000000187|1|1</Sensitivity>
  <ChargingType>0</ChargingType>
  <MouseAcceleration>False</MouseAcceleration>
  <ButtonMouseVerticalScale>100</ButtonMouseVerticalScale>
  <LaunchProgram />
  <DinputOnly>False</DinputOnly>
  <StartTouchpadOff>False</StartTouchpadOff>
  <TouchpadOutputMode>Passthru</TouchpadOutputMode>
  <SATriggers>-1</SATriggers>
  <SATriggerCond>and</SATriggerCond>
  <SASteeringWheelEmulationAxis>None</SASteeringWheelEmulationAxis>
  <SASteeringWheelEmulationRange>360</SASteeringWheelEmulationRange>
  <SASteeringWheelFuzz>0</SASteeringWheelFuzz>
  <SASteeringWheelSmoothingOptions>
    <SASteeringWheelUseSmoothing>False</SASteeringWheelUseSmoothing>
    <SASteeringWheelSmoothMinCutoff>0.1</SASteeringWheelSmoothMinCutoff>
    <SASteeringWheelSmoothBeta>0.1</SASteeringWheelSmoothBeta>
  </SASteeringWheelSmoothingOptions>
  <TouchDisInvTriggers>-1</TouchDisInvTriggers>
  <GyroSensitivity>100</GyroSensitivity>
  <GyroSensVerticalScale>100</GyroSensVerticalScale>
  <GyroInvert>0</GyroInvert>
  <GyroTriggerTurns>True</GyroTriggerTurns>
  <GyroControlsSettings>
    <Triggers>-1</Triggers>
    <TriggerCond>and</TriggerCond>
    <TriggerTurns>True</TriggerTurns>
    <Toggle>False</Toggle>
  </GyroControlsSettings>
  <GyroMouseSmoothingSettings>
    <UseSmoothing>False</UseSmoothing>
    <SmoothingMethod>none</SmoothingMethod>
    <SmoothingWeight>50</SmoothingWeight>
    <SmoothingMinCutoff>1</SmoothingMinCutoff>
    <SmoothingBeta>0.7</SmoothingBeta>
  </GyroMouseSmoothingSettings>
  <GyroMouseHAxis>0</GyroMouseHAxis>
  <GyroMouseDeadZone>10</GyroMouseDeadZone>
  <GyroMouseMinThreshold>1</GyroMouseMinThreshold>
  <GyroMouseToggle>False</GyroMouseToggle>
  <GyroOutputMode>Passthru</GyroOutputMode>
  <GyroMouseStickTriggers>-1</GyroMouseStickTriggers>
  <GyroMouseStickTriggerCond>and</GyroMouseStickTriggerCond>
  <GyroMouseStickTriggerTurns>True</GyroMouseStickTriggerTurns>
  <GyroMouseStickHAxis>1</GyroMouseStickHAxis>
  <GyroMouseStickDeadZone>30</GyroMouseStickDeadZone>
  <GyroMouseStickMaxZone>830</GyroMouseStickMaxZone>
  <GyroMouseStickOutputStick>RightStick</GyroMouseStickOutputStick>
  <GyroMouseStickOutputStickAxes>XY</GyroMouseStickOutputStickAxes>
  <GyroMouseStickAntiDeadX>0.4</GyroMouseStickAntiDeadX>
  <GyroMouseStickAntiDeadY>0.4</GyroMouseStickAntiDeadY>
  <GyroMouseStickInvert>0</GyroMouseStickInvert>
  <GyroMouseStickToggle>False</GyroMouseStickToggle>
  <GyroMouseStickMaxOutput>100</GyroMouseStickMaxOutput>
  <GyroMouseStickMaxOutputEnabled>False</GyroMouseStickMaxOutputEnabled>
  <GyroMouseStickVerticalScale>100</GyroMouseStickVerticalScale>
  <GyroMouseStickSmoothingSettings>
    <UseSmoothing>False</UseSmoothing>
    <SmoothingMethod>none</SmoothingMethod>
    <SmoothingWeight>50</SmoothingWeight>
    <SmoothingMinCutoff>0.4</SmoothingMinCutoff>
    <SmoothingBeta>0.7</SmoothingBeta>
  </GyroMouseStickSmoothingSettings>
  <GyroSwipeSettings>
    <DeadZoneX>80</DeadZoneX>
    <DeadZoneY>80</DeadZoneY>
    <Triggers>-1</Triggers>
    <TriggerCond>and</TriggerCond>
    <TriggerTurns>True</TriggerTurns>
    <XAxis>Yaw</XAxis>
    <DelayTime>0</DelayTime>
  </GyroSwipeSettings>
  <BTPollRate>1</BTPollRate>
  <LSOutputCurveMode>custom</LSOutputCurveMode>
  <LSOutputCurveCustom>0.00, 1.00, 0.00, 1.0000%</LSOutputCurveCustom>
  <RSOutputCurveMode>enhanced-precision</RSOutputCurveMode>
  <RSOutputCurveCustom />
  <LSSquareStick>False</LSSquareStick>
  <RSSquareStick>False</RSSquareStick>
  <SquareStickRoundness>5</SquareStickRoundness>
  <SquareRStickRoundness>5</SquareRStickRoundness>
  <LSAntiSnapback>False</LSAntiSnapback>
  <RSAntiSnapback>False</RSAntiSnapback>
  <LSAntiSnapbackDelta>135</LSAntiSnapbackDelta>
  <RSAntiSnapbackDelta>135</RSAntiSnapbackDelta>
  <LSAntiSnapbackTimeout>50</LSAntiSnapbackTimeout>
  <RSAntiSnapbackTimeout>50</RSAntiSnapbackTimeout>
  <LSOutputMode>Controls</LSOutputMode>
  <RSOutputMode>Controls</RSOutputMode>
  <LSOutputSettings>
    <FlickStickSettings>
      <RealWorldCalibration>5.3</RealWorldCalibration>
      <FlickThreshold>0.9</FlickThreshold>
      <FlickTime>0.1</FlickTime>
      <MinAngleThreshold>0</MinAngleThreshold>
    </FlickStickSettings>
  </LSOutputSettings>
  <RSOutputSettings>
    <FlickStickSettings>
      <RealWorldCalibration>5.3</RealWorldCalibration>
      <FlickThreshold>0.9</FlickThreshold>
      <FlickTime>0.1</FlickTime>
      <MinAngleThreshold>0</MinAngleThreshold>
    </FlickStickSettings>
  </RSOutputSettings>
  <DualSenseControllerSettings>
    <RumbleSettings>
      <EmulationMode>Accurate</EmulationMode>
      <EnableGenericRumbleRescale>False</EnableGenericRumbleRescale>
      <HapticPowerLevel>0</HapticPowerLevel>
    </RumbleSettings>
  </DualSenseControllerSettings>
  <L2OutputCurveMode>custom</L2OutputCurveMode>
  <L2OutputCurveCustom>0.00, 0.00, 0.00, 0.0000%</L2OutputCurveCustom>
  <L2TwoStageMode>Disabled</L2TwoStageMode>
  <R2TwoStageMode>Disabled</R2TwoStageMode>
  <L2HipFireTime>1</L2HipFireTime>
  <R2HipFireTime>1</R2HipFireTime>
  <L2TriggerEffect>None</L2TriggerEffect>
  <R2TriggerEffect>None</R2TriggerEffect>
  <R2OutputCurveMode>custom</R2OutputCurveMode>
  <R2OutputCurveCustom>0.00, 0.00, 0.00, 0.0000%</R2OutputCurveCustom>
  <SXOutputCurveMode>custom</SXOutputCurveMode>
  <SXOutputCurveCustom>0.00, 11.00, 0.00, 1.0000%</SXOutputCurveCustom>
  <SZOutputCurveMode>custom</SZOutputCurveMode>
  <SZOutputCurveCustom>0.00, 0.00, 0.00, 1.0000%</SZOutputCurveCustom>
  <TrackballMode>False</TrackballMode>
  <TrackballFriction>10</TrackballFriction>
  <TouchRelMouseRotation>0</TouchRelMouseRotation>
  <TouchRelMouseMinThreshold>1</TouchRelMouseMinThreshold>
  <TouchpadAbsMouseSettings>
    <MaxZoneX>90</MaxZoneX>
    <MaxZoneY>90</MaxZoneY>
    <SnapToCenter>False</SnapToCenter>
  </TouchpadAbsMouseSettings>
  <TouchpadMouseStick>
    <DeadZone>0</DeadZone>
    <MaxZone>8</MaxZone>
    <OutputStick>RightStick</OutputStick>
    <OutputStickAxes>XY</OutputStickAxes>
    <AntiDeadX>0.4</AntiDeadX>
    <AntiDeadY>0.4</AntiDeadY>
    <Invert>0</Invert>
    <MaxOutput>100</MaxOutput>
    <MaxOutputEnabled>False</MaxOutputEnabled>
    <VerticalScale>100</VerticalScale>
    <OutputCurve>Linear</OutputCurve>
    <Rotation>0</Rotation>
    <SmoothingSettings>
      <SmoothingMethod>None</SmoothingMethod>
      <SmoothingMinCutoff>0.8</SmoothingMinCutoff>
      <SmoothingBeta>0.7</SmoothingBeta>
    </SmoothingSettings>
  </TouchpadMouseStick>
  <TouchpadButtonMode>Click</TouchpadButtonMode>
  <AbsMouseRegionSettings>
    <AbsWidth>1</AbsWidth>
    <AbsHeight>1</AbsHeight>
    <AbsXCenter>0.5</AbsXCenter>
    <AbsYCenter>0.5</AbsYCenter>
    <AntiRadius>0</AntiRadius>
    <SnapToCenter>True</SnapToCenter>
  </AbsMouseRegionSettings>
  <OutputContDevice>DS4</OutputContDevice>
  <ProfileActions>Buffaim 100%/Anti-recul 100% (dualsense)</ProfileActions>
  <Control>
    <Button>
      <TouchLeft>Back</TouchLeft>
      <TouchUpper>Back</TouchUpper>
      <TouchMulti>Back</TouchMulti>
      <TouchRight>Back</TouchRight>
      <BLP>A Button</BLP>
      <BRP>B Button</BRP>
    </Button>
    <Key>
      <FnL>219</FnL>
      <FnR>187</FnR>
    </Key>
  </Control>
  <ShiftControl />
</DS4Windows>