<?xml version="1.0" encoding="utf-8"?>
<!-- DS4Windows Configuration Data. 26/11/2024 08:05:27 -->
<!-- Made with DS4Windows version 3.2.9 -->

<DS4Windows app_version="3.2.9" config_version="5">
  <touchToggle>True</touchToggle>
  <idleDisconnectTimeout>0</idleDisconnectTimeout>
  <outputDataToDS4>True</outputDataToDS4>
  <Color>255,0,0</Color>
  <RumbleBoost>0</RumbleBoost>
  <RumbleAutostopTime>0</RumbleAutostopTime>
  <LightbarMode>Passthru</LightbarMode>
  <ledAsBatteryIndicator>False</ledAsBatteryIndicator>
  <FlashType>0</FlashType>
  <flashBatteryAt>0</flashBatteryAt>
  <touchSensitivity>100</touchSensitivity>
  <LowColor>0,0,0</LowColor>
  <ChargingColor>0,0,0</ChargingColor>
  <FlashColor>192,255,0</FlashColor>
  <touchpadJitterCompensation>True</touchpadJitterCompensation>
  <lowerRCOn>False</lowerRCOn>
  <tapSensitivity>0</tapSensitivity>
  <doubleTap>False</doubleTap>
  <scrollSensitivity>0</scrollSensitivity>
  <LeftTriggerMiddle>0</LeftTriggerMiddle>
  <RightTriggerMiddle>0</RightTriggerMiddle>
  <TouchpadInvert>0</TouchpadInvert>
  <TouchpadClickPassthru>False</TouchpadClickPassthru>
  <L2AntiDeadZone>0</L2AntiDeadZone>
  <R2AntiDeadZone>0</R2AntiDeadZone>
  <L2MaxZone>100</L2MaxZone>
  <R2MaxZone>100</R2MaxZone>
  <L2MaxOutput>100</L2MaxOutput>
  <R2MaxOutput>100</R2MaxOutput>
  <ButtonMouseSensitivity>25</ButtonMouseSensitivity>
  <ButtonMouseOffset>8</ButtonMouseOffset>
  <Rainbow>5</Rainbow>
  <MaxSatRainbow>100</MaxSatRainbow>
  <LSDeadZone>0</LSDeadZone>
  <RSDeadZone>10</RSDeadZone>
  <LSAntiDeadZone>10</LSAntiDeadZone>
  <RSAntiDeadZone>20</RSAntiDeadZone>
  <LSMaxZone>100</LSMaxZone>
  <RSMaxZone>100</RSMaxZone>
  <LSVerticalScale>100</LSVerticalScale>
  <RSVerticalScale>100</RSVerticalScale>
  <LSMaxOutput>100</LSMaxOutput>
  <RSMaxOutput>100</RSMaxOutput>
  <LSMaxOutputForce>False</LSMaxOutputForce>
  <RSMaxOutputForce>False</RSMaxOutputForce>
  <LSDeadZoneType>Axial</LSDeadZoneType>
  <RSDeadZoneType>Axial</RSDeadZoneType>
  <LSAxialDeadOptions>
    <DeadZoneX>6</DeadZoneX>
    <DeadZoneY>6</DeadZoneY>
    <MaxZoneX>50</MaxZoneX>
    <MaxZoneY>50</MaxZoneY>
    <AntiDeadZoneX>0</AntiDeadZoneX>
    <AntiDeadZoneY>0</AntiDeadZoneY>
    <MaxOutputX>100</MaxOutputX>
    <MaxOutputY>100</MaxOutputY>
  </LSAxialDeadOptions>
  <RSAxialDeadOptions>
    <DeadZoneX>0</DeadZoneX>
    <DeadZoneY>0</DeadZoneY>
    <MaxZoneX>100</MaxZoneX>
    <MaxZoneY>100</MaxZoneY>
    <AntiDeadZoneX>0</AntiDeadZoneX>
    <AntiDeadZoneY>0</AntiDeadZoneY>
    <MaxOutputX>100</MaxOutputX>
    <MaxOutputY>100</MaxOutputY>
  </RSAxialDeadOptions>
  <LSRotation>0</LSRotation>
  <RSRotation>0</RSRotation>
  <LSFuzz>1</LSFuzz>
  <RSFuzz>0</RSFuzz>
  <LSOuterBindDead>0</LSOuterBindDead>
  <RSOuterBindDead>0</RSOuterBindDead>
  <LSOuterBindInvert>False</LSOuterBindInvert>
  <RSOuterBindInvert>False</RSOuterBindInvert>
  <LSDeltaAccelSettings>
    <Enabled>False</Enabled>
    <Multiplier>4</Multiplier>
    <MaxTravel>0.2</MaxTravel>
    <MinTravel>0.01</MinTravel>
    <EasingDuration>0.2</EasingDuration>
    <MinFactor>1</MinFactor>
  </LSDeltaAccelSettings>
  <RSDeltaAccelSettings>
    <Enabled>False</Enabled>
    <Multiplier>4</Multiplier>
    <MaxTravel>0.2</MaxTravel>
    <MinTravel>0.01</MinTravel>
    <EasingDuration>0.2</EasingDuration>
    <MinFactor>1</MinFactor>
  </RSDeltaAccelSettings>
  <SXDeadZone>1</SXDeadZone>
  <SZDeadZone>1</SZDeadZone>
  <SXMaxZone>100</SXMaxZone>
  <SZMaxZone>100</SZMaxZone>
  <SXAntiDeadZone>0</SXAntiDeadZone>
  <SZAntiDeadZone>0</SZAntiDeadZone>
  <Sensitivity>1|1|1|1|1|1</Sensitivity>
  <ChargingType>0</ChargingType>
  <MouseAcceleration>False</MouseAcceleration>
  <ButtonMouseVerticalScale>100</ButtonMouseVerticalScale>
  <LaunchProgram />
  <DinputOnly>False</DinputOnly>
  <StartTouchpadOff>False</StartTouchpadOff>
  <TouchpadOutputMode>Passthru</TouchpadOutputMode>
  <SATriggers>-1</SATriggers>
  <SATriggerCond>and</SATriggerCond>
  <SASteeringWheelEmulationAxis>None</SASteeringWheelEmulationAxis>
  <SASteeringWheelEmulationRange>1440</SASteeringWheelEmulationRange>
  <SASteeringWheelFuzz>1</SASteeringWheelFuzz>
  <SASteeringWheelSmoothingOptions>
    <SASteeringWheelUseSmoothing>False</SASteeringWheelUseSmoothing>
    <SASteeringWheelSmoothMinCutoff>1</SASteeringWheelSmoothMinCutoff>
    <SASteeringWheelSmoothBeta>1</SASteeringWheelSmoothBeta>
  </SASteeringWheelSmoothingOptions>
  <TouchDisInvTriggers>-1</TouchDisInvTriggers>
  <GyroSensitivity>100</GyroSensitivity>
  <GyroSensVerticalScale>100</GyroSensVerticalScale>
  <GyroInvert>0</GyroInvert>
  <GyroTriggerTurns>True</GyroTriggerTurns>
  <GyroControlsSettings>
    <Triggers>-1</Triggers>
    <TriggerCond>and</TriggerCond>
    <TriggerTurns>True</TriggerTurns>
    <Toggle>False</Toggle>
  </GyroControlsSettings>
  <GyroMouseSmoothingSettings>
    <UseSmoothing>False</UseSmoothing>
    <SmoothingMethod>none</SmoothingMethod>
    <SmoothingWeight>50</SmoothingWeight>
    <SmoothingMinCutoff>1</SmoothingMinCutoff>
    <SmoothingBeta>1</SmoothingBeta>
  </GyroMouseSmoothingSettings>
  <GyroMouseHAxis>0</GyroMouseHAxis>
  <GyroMouseDeadZone>10</GyroMouseDeadZone>
  <GyroMouseMinThreshold>1</GyroMouseMinThreshold>
  <GyroMouseToggle>False</GyroMouseToggle>
  <GyroOutputMode>Passthru</GyroOutputMode>
  <GyroMouseStickTriggers>-1</GyroMouseStickTriggers>
  <GyroMouseStickTriggerCond>and</GyroMouseStickTriggerCond>
  <GyroMouseStickTriggerTurns>True</GyroMouseStickTriggerTurns>
  <GyroMouseStickHAxis>0</GyroMouseStickHAxis>
  <GyroMouseStickDeadZone>30</GyroMouseStickDeadZone>
  <GyroMouseStickMaxZone>830</GyroMouseStickMaxZone>
  <GyroMouseStickOutputStick>RightStick</GyroMouseStickOutputStick>
  <GyroMouseStickOutputStickAxes>XY</GyroMouseStickOutputStickAxes>
  <GyroMouseStickAntiDeadX>1</GyroMouseStickAntiDeadX>
  <GyroMouseStickAntiDeadY>1</GyroMouseStickAntiDeadY>
  <GyroMouseStickInvert>0</GyroMouseStickInvert>
  <GyroMouseStickToggle>False</GyroMouseStickToggle>
  <GyroMouseStickMaxOutput>100</GyroMouseStickMaxOutput>
  <GyroMouseStickMaxOutputEnabled>False</GyroMouseStickMaxOutputEnabled>
  <GyroMouseStickVerticalScale>100</GyroMouseStickVerticalScale>
  <GyroMouseStickSmoothingSettings>
    <UseSmoothing>False</UseSmoothing>
    <SmoothingMethod>none</SmoothingMethod>
    <SmoothingWeight>50</SmoothingWeight>
    <SmoothingMinCutoff>4</SmoothingMinCutoff>
    <SmoothingBeta>1</SmoothingBeta>
  </GyroMouseStickSmoothingSettings>
  <GyroSwipeSettings>
    <DeadZoneX>80</DeadZoneX>
    <DeadZoneY>80</DeadZoneY>
    <Triggers>-1</Triggers>
    <TriggerCond>and</TriggerCond>
    <TriggerTurns>True</TriggerTurns>
    <XAxis>Yaw</XAxis>
    <DelayTime>0</DelayTime>
  </GyroSwipeSettings>
  <BTPollRate>1</BTPollRate>
  <LSOutputCurveMode>custom</LSOutputCurveMode>
  <LSOutputCurveCustom>1.00, 0.05, 1.00, 1.00</LSOutputCurveCustom>
  <RSOutputCurveMode>enhanced-precision</RSOutputCurveMode>
  <RSOutputCurveCustom>1.00, 0.05, 1.00, 1.00,1.00, -0.05, 1.00, -0.05</RSOutputCurveCustom>
  <LSSquareStick>True</LSSquareStick>
  <RSSquareStick>True</RSSquareStick>
  <SquareStickRoundness>0</SquareStickRoundness>
  <SquareRStickRoundness>0</SquareRStickRoundness>
  <LSAntiSnapback>True</LSAntiSnapback>
  <RSAntiSnapback>True</RSAntiSnapback>
  <LSAntiSnapbackDelta>256</LSAntiSnapbackDelta>
  <RSAntiSnapbackDelta>256</RSAntiSnapbackDelta>
  <LSAntiSnapbackTimeout>0</LSAntiSnapbackTimeout>
  <RSAntiSnapbackTimeout>0</RSAntiSnapbackTimeout>
  <LSOutputMode>Controls</LSOutputMode>
  <RSOutputMode>Controls</RSOutputMode>
  <LSOutputSettings>
    <FlickStickSettings>
      <RealWorldCalibration>53</RealWorldCalibration>
      <FlickThreshold>9</FlickThreshold>
      <FlickTime>1</FlickTime>
      <MinAngleThreshold>0</MinAngleThreshold>
    </FlickStickSettings>
  </LSOutputSettings>
  <RSOutputSettings>
    <FlickStickSettings>
      <RealWorldCalibration>53</RealWorldCalibration>
      <FlickThreshold>9</FlickThreshold>
      <FlickTime>1</FlickTime>
      <MinAngleThreshold>0</MinAngleThreshold>
    </FlickStickSettings>
  </RSOutputSettings>
  <DualSenseControllerSettings>
    <RumbleSettings>
      <EmulationMode>Accurate</EmulationMode>
      <EnableGenericRumbleRescale>True</EnableGenericRumbleRescale>
      <HapticPowerLevel>7</HapticPowerLevel>
    </RumbleSettings>
  </DualSenseControllerSettings>
  <L2OutputCurveMode>custom</L2OutputCurveMode>
  <L2OutputCurveCustom>1.00, 0.05, 1.00, 0.05</L2OutputCurveCustom>
  <L2TwoStageMode>Normal</L2TwoStageMode>
  <R2TwoStageMode>Normal</R2TwoStageMode>
  <L2HipFireTime>0</L2HipFireTime>
  <R2HipFireTime>0</R2HipFireTime>
  <L2TriggerEffect>None</L2TriggerEffect>
  <R2TriggerEffect>None</R2TriggerEffect>
  <R2OutputCurveMode>custom</R2OutputCurveMode>
  <R2OutputCurveCustom>1.00, 0.05, 1.00, 0.05</R2OutputCurveCustom>
  <SXOutputCurveMode>custom</SXOutputCurveMode>
  <SXOutputCurveCustom>1.00, 0.05, 1.00, 0.05</SXOutputCurveCustom>
  <SZOutputCurveMode>custom</SZOutputCurveMode>
  <SZOutputCurveCustom>1.00, 0.05, 1.00, 0.05</SZOutputCurveCustom>
  <TrackballMode>False</TrackballMode>
  <TrackballFriction>10</TrackballFriction>
  <TouchRelMouseRotation>0</TouchRelMouseRotation>
  <TouchRelMouseMinThreshold>1</TouchRelMouseMinThreshold>
  <TouchpadAbsMouseSettings>
    <MaxZoneX>90</MaxZoneX>
    <MaxZoneY>90</MaxZoneY>
    <SnapToCenter>False</SnapToCenter>
  </TouchpadAbsMouseSettings>
  <TouchpadMouseStick>
    <DeadZone>0</DeadZone>
    <MaxZone>8</MaxZone>
    <OutputStick>RightStick</OutputStick>
    <OutputStickAxes>XY</OutputStickAxes>
    <AntiDeadX>0.4</AntiDeadX>
    <AntiDeadY>0.4</AntiDeadY>
    <Invert>0</Invert>
    <MaxOutput>100</MaxOutput>
    <MaxOutputEnabled>False</MaxOutputEnabled>
    <VerticalScale>100</VerticalScale>
    <OutputCurve>Linear</OutputCurve>
    <Rotation>0</Rotation>
    <SmoothingSettings>
      <SmoothingMethod>None</SmoothingMethod>
      <SmoothingMinCutoff>0.8</SmoothingMinCutoff>
      <SmoothingBeta>0.7</SmoothingBeta>
    </SmoothingSettings>
  </TouchpadMouseStick>
  <TouchpadButtonMode>Click</TouchpadButtonMode>
  <AbsMouseRegionSettings>
    <AbsWidth>1</AbsWidth>
    <AbsHeight>1</AbsHeight>
    <AbsXCenter>0.5</AbsXCenter>
    <AbsYCenter>0.5</AbsYCenter>
    <AntiRadius>0</AntiRadius>
    <SnapToCenter>True</SnapToCenter>
  </AbsMouseRegionSettings>
  <OutputContDevice>X360</OutputContDevice>
  <ProfileActions>Buffaim 100%/Anti-recul 100% (dualsense)</ProfileActions>
  <Control>
    <Button>
      <BLP>A Button</BLP>
      <BRP>B Button</BRP>
      <L2FullPull>Left Trigger</L2FullPull>
      <R2FullPull>Right Trigger</R2FullPull>
    </Button>
    <Macro>
      <PS>264/345/264/345/264/345/264/345/264/345/264/345/264/345/264/345/264/299/264</PS>
    </Macro>
    <KeyType>
      <PS>ScanCodeMacroHoldMacro</PS>
    </KeyType>
  </Control>
  <ShiftControl />
</DS4Windows>