﻿<?xml version="1.0" encoding="utf-8"?>
<!-- Controller config data. 24/07/2023 16:31:56 -->

<Controllers>
  <Controller Mac="2C:EF:18:97:00:00" ControllerType="DS4">
    <DS4SupportSettings>
      <Copycat>False</Copycat>
    </DS4SupportSettings>
  </Controller>
  <Controller Mac="1D:1B:62:19:00:00" ControllerType="DS4">
    <DS4SupportSettings>
      <Copycat>False</Copycat>
    </DS4SupportSettings>
  </Controller>
  <Controller Mac="33:02:E8:FA:00:00" ControllerType="DS4">
    <DS4SupportSettings>
      <Copycat>False</Copycat>
    </DS4SupportSettings>
  </Controller>
</Controllers>