<?xml version="1.0" encoding="utf-8"?>
<!-- Mac Address and Profile Linking Data. 19/04/2024 19:13:00 -->

<LinkedControllers>
  <MAC2CEF18970000>Default</MAC2CEF18970000>
  <MAC88034C226A66>Default</MAC88034C226A66>
  <MAC2DF39E230000>Default</MAC2DF39E230000>
  <MAC2DF39E231000>Default</MAC2DF39E231000>
  <MAC1D1B62190000>Default</MAC1D1B62190000>
  <MAC721B1256B101>Default</MAC721B1256B101>
  <MAC319B2A3E0000>Default</MAC319B2A3E0000>
  <MAC88034C31A806>Default</MAC88034C31A806>
  <MACDCAF68030D11>Default</MACDCAF68030D11>
  <MAC3302E8FA0000>Default</MAC3302E8FA0000>
  <MACE8473AACDD41>Ultime ShadowZ</MACE8473AACDD41>
</LinkedControllers>