<?xml version="1.0" encoding="utf-8"?>
<!-- Profile Configuration Data. 26/11/2024 09:09:19 -->
<!-- Made with DS4Windows version 3.2.9 -->

<Profile app_version="3.2.9" config_version="2">
  <useExclusiveMode>True</useExclusiveMode>
  <startMinimized>False</startMinimized>
  <minimizeToTaskbar>False</minimizeToTaskbar>
  <formWidth>921</formWidth>
  <formHeight>867</formHeight>
  <formLocationX>548</formLocationX>
  <formLocationY>0</formLocationY>
  <Controller1>Boost</Controller1>
  <Controller2>Default</Controller2>
  <LastChecked>26/11/2024 07:49:58</LastChecked>
  <CheckWhen>24</CheckWhen>
  <LastVersionChecked>3.3.3</LastVersionChecked>
  <Notifications>2</Notifications>
  <DisconnectBTAtStop>False</DisconnectBTAtStop>
  <SwipeProfiles>True</SwipeProfiles>
  <QuickCharge>False</QuickCharge>
  <CloseMinimizes>True</CloseMinimizes>
  <UseLang>fr</UseLang>
  <DownloadLang>True</DownloadLang>
  <FlashWhenLate>True</FlashWhenLate>
  <FlashWhenLateAt>500</FlashWhenLateAt>
  <AppIcon>Black</AppIcon>
  <AppTheme>Dark</AppTheme>
  <UseOSCServer>False</UseOSCServer>
  <OSCServerPort>9000</OSCServerPort>
  <UseOSCSender>False</UseOSCSender>
  <OSCSenderPort>9001</OSCSenderPort>
  <OSCSenderAddress>127.0.0.1</OSCSenderAddress>
  <UseUDPServer>False</UseUDPServer>
  <UDPServerPort>26760</UDPServerPort>
  <UDPServerListenAddress>280245299244414</UDPServerListenAddress>
  <UDPServerSmoothingOptions>
    <UseSmoothing>False</UseSmoothing>
    <UdpSmoothMinCutoff>4</UdpSmoothMinCutoff>
    <UdpSmoothBeta>1</UdpSmoothBeta>
  </UDPServerSmoothingOptions>
  <UseCustomSteamFolder>False</UseCustomSteamFolder>
  <CustomSteamFolder />
  <AutoProfileRevertDefaultProfile>True</AutoProfileRevertDefaultProfile>
  <AbsRegionDisplay />
  <DeviceOptions>
    <DS4SupportSettings>
      <Enabled>True</Enabled>
    </DS4SupportSettings>
    <DualSenseSupportSettings>
      <Enabled>True</Enabled>
    </DualSenseSupportSettings>
    <SwitchProSupportSettings>
      <Enabled>True</Enabled>
    </SwitchProSupportSettings>
    <JoyConSupportSettings>
      <Enabled>True</Enabled>
      <LinkMode>Joined</LinkMode>
      <JoinedGyroProvider>JoyConR</JoinedGyroProvider>
    </JoyConSupportSettings>
  </DeviceOptions>
  <CustomLed1>False:255,0,0</CustomLed1>
  <CustomLed2>False:0,0,255</CustomLed2>
  <CustomLed3>False:0,0,255</CustomLed3>
  <CustomLed4>False:0,0,255</CustomLed4>
  <CustomLed5>False:0,0,255</CustomLed5>
  <CustomLed6>False:0,0,255</CustomLed6>
  <CustomLed7>False:0,0,255</CustomLed7>
  <CustomLed8>False:0,0,255</CustomLed8>
</Profile>